--
-- PostgreSQL database dump
--

\restrict MGlN9BgHEal9E1jl2pmRYtbAZdY6t0ydse26kBS0dA664Fg28310iG9BsH7Vy9f

-- Dumped from database version 14.20 (Homebrew)
-- Dumped by pg_dump version 14.20 (Homebrew)

SET statement_timeout = 0;
SET lock_timeout = 0;
SET idle_in_transaction_session_timeout = 0;
SET client_encoding = 'UTF8';
SET standard_conforming_strings = on;
SELECT pg_catalog.set_config('search_path', '', false);
SET check_function_bodies = false;
SET xmloption = content;
SET client_min_messages = warning;
SET row_security = off;

--
-- Data for Name: categories; Type: TABLE DATA; Schema: public; Owner: flux_user
--

INSERT INTO public.categories VALUES ('3ebbdcb8-7f50-4d53-a8c2-91b1410dd6cd', 'Moradia', 'home', '#EF4444', false, 'NEEDS');
INSERT INTO public.categories VALUES ('b46498c7-1d65-4e74-8d7c-c244be990780', 'Alimentação', 'utensils', '#F97316', false, 'NEEDS');
INSERT INTO public.categories VALUES ('75d992b9-860b-4009-9789-22eebc304da8', 'Transporte', 'car', '#EAB308', false, 'NEEDS');
INSERT INTO public.categories VALUES ('e3b362b0-7e8c-4f1b-af5d-747070e8a69c', 'Saúde', 'heart-pulse', '#22C55E', false, 'NEEDS');
INSERT INTO public.categories VALUES ('b98a72d4-353a-4efa-8a75-bc7d2ef80d31', 'Lazer', 'gamepad-2', '#3B82F6', false, 'NEEDS');
INSERT INTO public.categories VALUES ('0a15223b-4815-4347-a4e8-a7d2a8a83e6e', 'Vestuário', 'shirt', '#8B5CF6', false, 'NEEDS');
INSERT INTO public.categories VALUES ('66b1b023-2c61-46e5-bd83-66e90ee26538', 'Educação', 'book-open', '#06B6D4', false, 'NEEDS');
INSERT INTO public.categories VALUES ('641ab9a5-acb0-444e-9cb9-db474f00d9c3', 'Contas & Serviços', 'zap', '#F59E0B', false, 'NEEDS');
INSERT INTO public.categories VALUES ('446535b5-353e-4199-9a5c-bd6ea1b798a9', 'Supermercado', 'shopping-cart', '#10B981', false, 'NEEDS');
INSERT INTO public.categories VALUES ('c900195e-db05-4717-bf4d-e883634f07ce', 'Investimentos', 'trending-up', '#6366F1', false, 'NEEDS');
INSERT INTO public.categories VALUES ('1465db0d-7dde-45d4-aa8d-f1038ac29545', 'Pet', 'paw-print', '#EC4899', false, 'NEEDS');
INSERT INTO public.categories VALUES ('1313f767-1226-4b09-a3e4-b31dc67e394a', 'Outras', 'circle-ellipsis', '#6B7280', false, 'NEEDS');
INSERT INTO public.categories VALUES ('e0acc298-5877-4134-b89b-61fd077c7fb1', 'Salário', 'wallet', '#22C55E', true, 'NEEDS');
INSERT INTO public.categories VALUES ('73810277-ea29-4edc-8960-7911fe73e874', 'Freelance', 'briefcase', '#10B981', true, 'NEEDS');
INSERT INTO public.categories VALUES ('89fbdfbb-0a07-4873-892b-1a05eeeec8df', 'Outras Receitas', 'plus-circle', '#6B7280', true, 'NEEDS');
INSERT INTO public.categories VALUES ('e4012bcb-b584-4552-ad4b-07b542b1d175', 'Estudos', 'default', '#0d00ff', false, 'NEEDS');


--
-- Data for Name: users; Type: TABLE DATA; Schema: public; Owner: flux_user
--

INSERT INTO public.users VALUES ('931e6411-2e74-4caa-a72a-9d477db68f70', 'João Peres', '#7C6FFF', '2026-06-28 15:24:04.564057', 'Necessidades', 50, 'Lazer', 30, 'Investimentos', 20, 'joaoperessd@gmail.com', '1234');
INSERT INTO public.users VALUES ('049486ae-279a-417f-9469-f2910afa34ae', 'Maria Eduarda Gomes', '#6C63FF', '2026-06-29 18:55:47.611069', 'Necessidades', 50, 'Desejos', 30, 'Poupança/Dívidas', 20, 'gomesme2710@gmail.com', '2710');


--
-- Data for Name: budgets; Type: TABLE DATA; Schema: public; Owner: flux_user
--



--
-- Data for Name: payment_sources; Type: TABLE DATA; Schema: public; Owner: flux_user
--

INSERT INTO public.payment_sources VALUES ('e10ef41b-8d06-4666-aa06-065e8e58f8df', '931e6411-2e74-4caa-a72a-9d477db68f70', 'Neon', 'CREDIT_CARD', 28, 6, '#00b3ff', 'credit-card', '2026-06-28 23:33:41.184434');
INSERT INTO public.payment_sources VALUES ('7393b1ba-76c3-463b-8e59-738dd6101e44', '931e6411-2e74-4caa-a72a-9d477db68f70', 'Mercado Pago', 'CREDIT_CARD', 2, 7, '#FFE600', 'credit-card', '2026-06-29 11:06:04.4572');
INSERT INTO public.payment_sources VALUES ('bfd54678-1d3f-4a54-838c-69852c1ec8d4', '931e6411-2e74-4caa-a72a-9d477db68f70', 'Itaú', 'CREDIT_CARD', 28, 6, '#FF6200', 'credit-card', '2026-06-28 23:40:10.96819');


--
-- Data for Name: transactions; Type: TABLE DATA; Schema: public; Owner: flux_user
--

INSERT INTO public.transactions VALUES ('3a044037-2731-48d8-abe7-f87559117aa4', '931e6411-2e74-4caa-a72a-9d477db68f70', 'e0acc298-5877-4134-b89b-61fd077c7fb1', NULL, 'Wealter', 3000.00, '2026-06-05', '2026-06-01', 'FIXED', '24682960-e614-4d7b-be15-4d7e5ae7d701', NULL, NULL, NULL, false, false, NULL, '2026-06-28 23:30:44.836258');
INSERT INTO public.transactions VALUES ('b2ce64f9-db0c-478f-8060-22fe858c5abc', '931e6411-2e74-4caa-a72a-9d477db68f70', 'e0acc298-5877-4134-b89b-61fd077c7fb1', NULL, 'Wealter', 3000.00, '2026-07-05', '2026-07-01', 'FIXED', '24682960-e614-4d7b-be15-4d7e5ae7d701', NULL, NULL, NULL, false, false, NULL, '2026-06-28 23:30:44.844384');
INSERT INTO public.transactions VALUES ('aab5b955-cca6-4c09-8a4b-0da223b124a8', '931e6411-2e74-4caa-a72a-9d477db68f70', 'e0acc298-5877-4134-b89b-61fd077c7fb1', NULL, 'Wealter', 3000.00, '2026-08-05', '2026-08-01', 'FIXED', '24682960-e614-4d7b-be15-4d7e5ae7d701', NULL, NULL, NULL, false, false, NULL, '2026-06-28 23:30:44.845473');
INSERT INTO public.transactions VALUES ('5920ea0f-da2a-4d00-b063-b8405685dfc6', '931e6411-2e74-4caa-a72a-9d477db68f70', 'e0acc298-5877-4134-b89b-61fd077c7fb1', NULL, 'Wealter', 3000.00, '2026-09-05', '2026-09-01', 'FIXED', '24682960-e614-4d7b-be15-4d7e5ae7d701', NULL, NULL, NULL, false, false, NULL, '2026-06-28 23:30:44.846263');
INSERT INTO public.transactions VALUES ('21a28df2-b2f0-42ad-9aa2-381898fb967f', '931e6411-2e74-4caa-a72a-9d477db68f70', 'e0acc298-5877-4134-b89b-61fd077c7fb1', NULL, 'Wealter', 3000.00, '2026-10-05', '2026-10-01', 'FIXED', '24682960-e614-4d7b-be15-4d7e5ae7d701', NULL, NULL, NULL, false, false, NULL, '2026-06-28 23:30:44.847013');
INSERT INTO public.transactions VALUES ('d0dbf11f-5e28-48b6-8372-ac3738955006', '931e6411-2e74-4caa-a72a-9d477db68f70', 'e0acc298-5877-4134-b89b-61fd077c7fb1', NULL, 'Wealter', 3000.00, '2026-11-05', '2026-11-01', 'FIXED', '24682960-e614-4d7b-be15-4d7e5ae7d701', NULL, NULL, NULL, false, false, NULL, '2026-06-28 23:30:44.847721');
INSERT INTO public.transactions VALUES ('c69e0637-1c8c-4cb5-961b-89b417a00c26', '931e6411-2e74-4caa-a72a-9d477db68f70', 'e0acc298-5877-4134-b89b-61fd077c7fb1', NULL, 'Wealter', 3000.00, '2026-12-05', '2026-12-01', 'FIXED', '24682960-e614-4d7b-be15-4d7e5ae7d701', NULL, NULL, NULL, false, false, NULL, '2026-06-28 23:30:44.848355');
INSERT INTO public.transactions VALUES ('15f4f8fb-6f25-4654-b715-f11ab7b7ace6', '931e6411-2e74-4caa-a72a-9d477db68f70', 'e0acc298-5877-4134-b89b-61fd077c7fb1', NULL, 'Wealter', 3000.00, '2027-01-05', '2027-01-01', 'FIXED', '24682960-e614-4d7b-be15-4d7e5ae7d701', NULL, NULL, NULL, false, false, NULL, '2026-06-28 23:30:44.848978');
INSERT INTO public.transactions VALUES ('84ab4059-e5c0-4503-ad6d-601125a9f773', '931e6411-2e74-4caa-a72a-9d477db68f70', 'e0acc298-5877-4134-b89b-61fd077c7fb1', NULL, 'Wealter', 3000.00, '2027-02-05', '2027-02-01', 'FIXED', '24682960-e614-4d7b-be15-4d7e5ae7d701', NULL, NULL, NULL, false, false, NULL, '2026-06-28 23:30:44.849643');
INSERT INTO public.transactions VALUES ('bfcb09bf-7d29-4857-8756-220ae9a7d060', '931e6411-2e74-4caa-a72a-9d477db68f70', 'e0acc298-5877-4134-b89b-61fd077c7fb1', NULL, 'Wealter', 3000.00, '2027-03-05', '2027-03-01', 'FIXED', '24682960-e614-4d7b-be15-4d7e5ae7d701', NULL, NULL, NULL, false, false, NULL, '2026-06-28 23:30:44.850289');
INSERT INTO public.transactions VALUES ('486ccffc-f227-4442-8032-84fedd84caf2', '931e6411-2e74-4caa-a72a-9d477db68f70', 'e0acc298-5877-4134-b89b-61fd077c7fb1', NULL, 'Wealter', 3000.00, '2027-04-05', '2027-04-01', 'FIXED', '24682960-e614-4d7b-be15-4d7e5ae7d701', NULL, NULL, NULL, false, false, NULL, '2026-06-28 23:30:44.850878');
INSERT INTO public.transactions VALUES ('e0cf85e7-4079-4ead-b022-9c8fe4429169', '931e6411-2e74-4caa-a72a-9d477db68f70', 'e0acc298-5877-4134-b89b-61fd077c7fb1', NULL, 'Wealter', 3000.00, '2027-05-05', '2027-05-01', 'FIXED', '24682960-e614-4d7b-be15-4d7e5ae7d701', NULL, NULL, NULL, false, false, NULL, '2026-06-28 23:30:44.851439');
INSERT INTO public.transactions VALUES ('06802eb2-b1c8-4631-8f4f-60336709d576', '931e6411-2e74-4caa-a72a-9d477db68f70', 'e0acc298-5877-4134-b89b-61fd077c7fb1', NULL, 'Wealter', 3000.00, '2027-06-05', '2027-06-01', 'FIXED', '24682960-e614-4d7b-be15-4d7e5ae7d701', NULL, NULL, NULL, false, false, NULL, '2026-06-28 23:30:44.851969');
INSERT INTO public.transactions VALUES ('a05f55c1-4b55-4551-8520-fb05f55ae24d', '931e6411-2e74-4caa-a72a-9d477db68f70', 'e0acc298-5877-4134-b89b-61fd077c7fb1', NULL, 'Wealter', 3000.00, '2027-07-05', '2027-07-01', 'FIXED', '24682960-e614-4d7b-be15-4d7e5ae7d701', NULL, NULL, NULL, false, false, NULL, '2026-06-28 23:30:44.852515');
INSERT INTO public.transactions VALUES ('7fa30ab6-f32e-46f4-9eed-0403824e374c', '931e6411-2e74-4caa-a72a-9d477db68f70', 'e0acc298-5877-4134-b89b-61fd077c7fb1', NULL, 'Wealter', 3000.00, '2027-08-05', '2027-08-01', 'FIXED', '24682960-e614-4d7b-be15-4d7e5ae7d701', NULL, NULL, NULL, false, false, NULL, '2026-06-28 23:30:44.853076');
INSERT INTO public.transactions VALUES ('568284e5-aeef-45ec-9dc7-62ed74e4d5ec', '931e6411-2e74-4caa-a72a-9d477db68f70', 'e0acc298-5877-4134-b89b-61fd077c7fb1', NULL, 'Wealter', 3000.00, '2027-09-05', '2027-09-01', 'FIXED', '24682960-e614-4d7b-be15-4d7e5ae7d701', NULL, NULL, NULL, false, false, NULL, '2026-06-28 23:30:44.853646');
INSERT INTO public.transactions VALUES ('04d412ca-6917-4cfb-af13-ce6f8d4e7dbb', '931e6411-2e74-4caa-a72a-9d477db68f70', 'e0acc298-5877-4134-b89b-61fd077c7fb1', NULL, 'Wealter', 3000.00, '2027-10-05', '2027-10-01', 'FIXED', '24682960-e614-4d7b-be15-4d7e5ae7d701', NULL, NULL, NULL, false, false, NULL, '2026-06-28 23:30:44.854199');
INSERT INTO public.transactions VALUES ('866099ba-336b-41d4-8219-4949a0c1031a', '931e6411-2e74-4caa-a72a-9d477db68f70', 'e0acc298-5877-4134-b89b-61fd077c7fb1', NULL, 'Wealter', 3000.00, '2027-11-05', '2027-11-01', 'FIXED', '24682960-e614-4d7b-be15-4d7e5ae7d701', NULL, NULL, NULL, false, false, NULL, '2026-06-28 23:30:44.85474');
INSERT INTO public.transactions VALUES ('b77d00fb-1a72-4523-aee4-ef7e0369fc15', '931e6411-2e74-4caa-a72a-9d477db68f70', 'e0acc298-5877-4134-b89b-61fd077c7fb1', NULL, 'Wealter', 3000.00, '2027-12-05', '2027-12-01', 'FIXED', '24682960-e614-4d7b-be15-4d7e5ae7d701', NULL, NULL, NULL, false, false, NULL, '2026-06-28 23:30:44.855338');
INSERT INTO public.transactions VALUES ('d62298fb-cc2d-4a20-b31d-92d5c54e7073', '931e6411-2e74-4caa-a72a-9d477db68f70', 'e0acc298-5877-4134-b89b-61fd077c7fb1', NULL, 'Wealter', 3000.00, '2028-01-05', '2028-01-01', 'FIXED', '24682960-e614-4d7b-be15-4d7e5ae7d701', NULL, NULL, NULL, false, false, NULL, '2026-06-28 23:30:44.876408');
INSERT INTO public.transactions VALUES ('a9d6d5e8-6768-4173-b080-0ff837c8386d', '931e6411-2e74-4caa-a72a-9d477db68f70', 'e0acc298-5877-4134-b89b-61fd077c7fb1', NULL, 'Wealter', 3000.00, '2028-02-05', '2028-02-01', 'FIXED', '24682960-e614-4d7b-be15-4d7e5ae7d701', NULL, NULL, NULL, false, false, NULL, '2026-06-28 23:30:44.877148');
INSERT INTO public.transactions VALUES ('de05e2b8-b83c-4d2c-9a3e-97f750c5e64b', '931e6411-2e74-4caa-a72a-9d477db68f70', 'e0acc298-5877-4134-b89b-61fd077c7fb1', NULL, 'Wealter', 3000.00, '2028-03-05', '2028-03-01', 'FIXED', '24682960-e614-4d7b-be15-4d7e5ae7d701', NULL, NULL, NULL, false, false, NULL, '2026-06-28 23:30:44.878651');
INSERT INTO public.transactions VALUES ('4d391937-d2d4-4191-9979-c4e2aa4677c9', '931e6411-2e74-4caa-a72a-9d477db68f70', 'e0acc298-5877-4134-b89b-61fd077c7fb1', NULL, 'Wealter', 3000.00, '2028-04-05', '2028-04-01', 'FIXED', '24682960-e614-4d7b-be15-4d7e5ae7d701', NULL, NULL, NULL, false, false, NULL, '2026-06-28 23:30:44.8792');
INSERT INTO public.transactions VALUES ('a892aa02-7531-4344-9d5c-6ae74ac5510a', '931e6411-2e74-4caa-a72a-9d477db68f70', 'e0acc298-5877-4134-b89b-61fd077c7fb1', NULL, 'Wealter', 3000.00, '2028-05-05', '2028-05-01', 'FIXED', '24682960-e614-4d7b-be15-4d7e5ae7d701', NULL, NULL, NULL, false, false, NULL, '2026-06-28 23:30:44.879766');
INSERT INTO public.transactions VALUES ('183ce11d-182f-40bc-81b0-3696d93b924e', '931e6411-2e74-4caa-a72a-9d477db68f70', '66b1b023-2c61-46e5-bd83-66e90ee26538', NULL, 'Faculdade - UMC ', 651.49, '2026-07-01', '2026-07-01', 'FIXED', 'add17d8a-002c-455e-a3b6-70ce265be102', NULL, NULL, NULL, false, false, NULL, '2026-06-29 11:03:45.602255');
INSERT INTO public.transactions VALUES ('0aeffe97-1742-4154-9bb7-d32d388a2005', '931e6411-2e74-4caa-a72a-9d477db68f70', '66b1b023-2c61-46e5-bd83-66e90ee26538', NULL, 'Faculdade - UMC ', 651.49, '2026-08-01', '2026-08-01', 'FIXED', 'add17d8a-002c-455e-a3b6-70ce265be102', NULL, NULL, NULL, false, false, NULL, '2026-06-29 11:03:45.603752');
INSERT INTO public.transactions VALUES ('0ca284c9-6d44-4a9b-8e1d-5c81d594c4a0', '931e6411-2e74-4caa-a72a-9d477db68f70', '66b1b023-2c61-46e5-bd83-66e90ee26538', NULL, 'Faculdade - UMC ', 651.49, '2026-09-01', '2026-09-01', 'FIXED', 'add17d8a-002c-455e-a3b6-70ce265be102', NULL, NULL, NULL, false, false, NULL, '2026-06-29 11:03:45.604436');
INSERT INTO public.transactions VALUES ('7936a0f1-f0ad-48bf-96d5-616f7dea5745', '931e6411-2e74-4caa-a72a-9d477db68f70', '66b1b023-2c61-46e5-bd83-66e90ee26538', NULL, 'Faculdade - UMC ', 651.49, '2026-10-01', '2026-10-01', 'FIXED', 'add17d8a-002c-455e-a3b6-70ce265be102', NULL, NULL, NULL, false, false, NULL, '2026-06-29 11:03:45.604933');
INSERT INTO public.transactions VALUES ('2aaecab9-f493-4032-8afa-93129e9c84e7', '931e6411-2e74-4caa-a72a-9d477db68f70', '66b1b023-2c61-46e5-bd83-66e90ee26538', NULL, 'Faculdade - UMC ', 651.49, '2026-11-01', '2026-11-01', 'FIXED', 'add17d8a-002c-455e-a3b6-70ce265be102', NULL, NULL, NULL, false, false, NULL, '2026-06-29 11:03:45.605471');
INSERT INTO public.transactions VALUES ('4222b7f3-cf41-4f8c-af54-3dd3baee10b5', '931e6411-2e74-4caa-a72a-9d477db68f70', '66b1b023-2c61-46e5-bd83-66e90ee26538', NULL, 'Faculdade - UMC ', 651.49, '2026-12-01', '2026-12-01', 'FIXED', 'add17d8a-002c-455e-a3b6-70ce265be102', NULL, NULL, NULL, false, false, NULL, '2026-06-29 11:03:45.606136');
INSERT INTO public.transactions VALUES ('4ce62dfe-d216-4c92-b2ec-ee3ccacf3eaa', '931e6411-2e74-4caa-a72a-9d477db68f70', '66b1b023-2c61-46e5-bd83-66e90ee26538', NULL, 'Faculdade - UMC ', 651.49, '2027-01-01', '2027-01-01', 'FIXED', 'add17d8a-002c-455e-a3b6-70ce265be102', NULL, NULL, NULL, false, false, NULL, '2026-06-29 11:03:45.606777');
INSERT INTO public.transactions VALUES ('3bfa5ca6-2bc6-4a22-9e83-31b1fe4acdac', '931e6411-2e74-4caa-a72a-9d477db68f70', '66b1b023-2c61-46e5-bd83-66e90ee26538', NULL, 'Faculdade - UMC ', 651.49, '2027-02-01', '2027-02-01', 'FIXED', 'add17d8a-002c-455e-a3b6-70ce265be102', NULL, NULL, NULL, false, false, NULL, '2026-06-29 11:03:45.608033');
INSERT INTO public.transactions VALUES ('0ec654de-7766-42d6-950b-d595b23faecd', '931e6411-2e74-4caa-a72a-9d477db68f70', '66b1b023-2c61-46e5-bd83-66e90ee26538', NULL, 'Faculdade - UMC ', 651.49, '2027-03-01', '2027-03-01', 'FIXED', 'add17d8a-002c-455e-a3b6-70ce265be102', NULL, NULL, NULL, false, false, NULL, '2026-06-29 11:03:45.60875');
INSERT INTO public.transactions VALUES ('a44da036-e1b7-426e-aab1-afaffd319bee', '931e6411-2e74-4caa-a72a-9d477db68f70', '66b1b023-2c61-46e5-bd83-66e90ee26538', NULL, 'Faculdade - UMC ', 651.49, '2027-04-01', '2027-04-01', 'FIXED', 'add17d8a-002c-455e-a3b6-70ce265be102', NULL, NULL, NULL, false, false, NULL, '2026-06-29 11:03:45.609342');
INSERT INTO public.transactions VALUES ('3730db87-aa76-496c-84fe-2b3b86addc56', '931e6411-2e74-4caa-a72a-9d477db68f70', '66b1b023-2c61-46e5-bd83-66e90ee26538', NULL, 'Faculdade - UMC ', 651.49, '2027-05-01', '2027-05-01', 'FIXED', 'add17d8a-002c-455e-a3b6-70ce265be102', NULL, NULL, NULL, false, false, NULL, '2026-06-29 11:03:45.609916');
INSERT INTO public.transactions VALUES ('c58ee3b3-de79-4713-9b73-009e98c7e14b', '931e6411-2e74-4caa-a72a-9d477db68f70', '66b1b023-2c61-46e5-bd83-66e90ee26538', NULL, 'Faculdade - UMC ', 651.49, '2027-06-01', '2027-06-01', 'FIXED', 'add17d8a-002c-455e-a3b6-70ce265be102', NULL, NULL, NULL, false, false, NULL, '2026-06-29 11:03:45.610882');
INSERT INTO public.transactions VALUES ('f5fcbde1-70df-4795-9603-da8507bd71b0', '931e6411-2e74-4caa-a72a-9d477db68f70', '66b1b023-2c61-46e5-bd83-66e90ee26538', NULL, 'Faculdade - UMC ', 651.49, '2027-07-01', '2027-07-01', 'FIXED', 'add17d8a-002c-455e-a3b6-70ce265be102', NULL, NULL, NULL, false, false, NULL, '2026-06-29 11:03:45.611806');
INSERT INTO public.transactions VALUES ('b164f59e-02d8-425a-8517-36d395d2ea2b', '931e6411-2e74-4caa-a72a-9d477db68f70', '66b1b023-2c61-46e5-bd83-66e90ee26538', NULL, 'Faculdade - UMC ', 651.49, '2027-08-01', '2027-08-01', 'FIXED', 'add17d8a-002c-455e-a3b6-70ce265be102', NULL, NULL, NULL, false, false, NULL, '2026-06-29 11:03:45.61231');
INSERT INTO public.transactions VALUES ('ed3593b5-7393-4ed6-853c-f44ca1d3d68d', '931e6411-2e74-4caa-a72a-9d477db68f70', '66b1b023-2c61-46e5-bd83-66e90ee26538', NULL, 'Faculdade - UMC ', 651.49, '2027-09-01', '2027-09-01', 'FIXED', 'add17d8a-002c-455e-a3b6-70ce265be102', NULL, NULL, NULL, false, false, NULL, '2026-06-29 11:03:45.612717');
INSERT INTO public.transactions VALUES ('75de0aea-7603-4aaa-bcdf-ad7e5dc35d10', '931e6411-2e74-4caa-a72a-9d477db68f70', '66b1b023-2c61-46e5-bd83-66e90ee26538', NULL, 'Faculdade - UMC ', 651.49, '2027-10-01', '2027-10-01', 'FIXED', 'add17d8a-002c-455e-a3b6-70ce265be102', NULL, NULL, NULL, false, false, NULL, '2026-06-29 11:03:45.613124');
INSERT INTO public.transactions VALUES ('686c845c-829c-4d53-8858-698c3fe850d8', '931e6411-2e74-4caa-a72a-9d477db68f70', '66b1b023-2c61-46e5-bd83-66e90ee26538', NULL, 'Faculdade - UMC ', 651.49, '2027-11-01', '2027-11-01', 'FIXED', 'add17d8a-002c-455e-a3b6-70ce265be102', NULL, NULL, NULL, false, false, NULL, '2026-06-29 11:03:45.61359');
INSERT INTO public.transactions VALUES ('f5fda63f-cd40-4b0a-a328-aa822a82ac37', '931e6411-2e74-4caa-a72a-9d477db68f70', '66b1b023-2c61-46e5-bd83-66e90ee26538', NULL, 'Faculdade - UMC ', 651.49, '2027-12-01', '2027-12-01', 'FIXED', 'add17d8a-002c-455e-a3b6-70ce265be102', NULL, NULL, NULL, false, false, NULL, '2026-06-29 11:03:45.61409');
INSERT INTO public.transactions VALUES ('d5415393-48e2-4dd9-bf0e-59b7c8ddde31', '931e6411-2e74-4caa-a72a-9d477db68f70', '66b1b023-2c61-46e5-bd83-66e90ee26538', NULL, 'Faculdade - UMC ', 651.49, '2028-01-01', '2028-01-01', 'FIXED', 'add17d8a-002c-455e-a3b6-70ce265be102', NULL, NULL, NULL, false, false, NULL, '2026-06-29 11:03:45.614457');
INSERT INTO public.transactions VALUES ('3e8be991-7bef-4585-b1a1-4e4b23819c63', '931e6411-2e74-4caa-a72a-9d477db68f70', '66b1b023-2c61-46e5-bd83-66e90ee26538', NULL, 'Faculdade - UMC ', 651.49, '2028-02-01', '2028-02-01', 'FIXED', 'add17d8a-002c-455e-a3b6-70ce265be102', NULL, NULL, NULL, false, false, NULL, '2026-06-29 11:03:45.614841');
INSERT INTO public.transactions VALUES ('ecd61a28-3162-44a1-af49-ab024c490cf9', '931e6411-2e74-4caa-a72a-9d477db68f70', '66b1b023-2c61-46e5-bd83-66e90ee26538', NULL, 'Faculdade - UMC ', 651.49, '2028-03-01', '2028-03-01', 'FIXED', 'add17d8a-002c-455e-a3b6-70ce265be102', NULL, NULL, NULL, false, false, NULL, '2026-06-29 11:03:45.615234');
INSERT INTO public.transactions VALUES ('f18b8e43-8ebe-4c0e-a5e1-54c43c0c5715', '931e6411-2e74-4caa-a72a-9d477db68f70', '66b1b023-2c61-46e5-bd83-66e90ee26538', NULL, 'Faculdade - UMC ', 651.49, '2028-04-01', '2028-04-01', 'FIXED', 'add17d8a-002c-455e-a3b6-70ce265be102', NULL, NULL, NULL, false, false, NULL, '2026-06-29 11:03:45.615663');
INSERT INTO public.transactions VALUES ('40c57825-d642-4aa9-8f47-385edcc78b7d', '931e6411-2e74-4caa-a72a-9d477db68f70', '66b1b023-2c61-46e5-bd83-66e90ee26538', NULL, 'Faculdade - UMC ', 651.49, '2028-05-01', '2028-05-01', 'FIXED', 'add17d8a-002c-455e-a3b6-70ce265be102', NULL, NULL, NULL, false, false, NULL, '2026-06-29 11:03:45.616025');
INSERT INTO public.transactions VALUES ('666486d8-4ec0-446e-8f7a-b5ab54fc6e26', '931e6411-2e74-4caa-a72a-9d477db68f70', '66b1b023-2c61-46e5-bd83-66e90ee26538', NULL, 'Faculdade - UMC ', 651.49, '2028-06-01', '2028-06-01', 'FIXED', 'add17d8a-002c-455e-a3b6-70ce265be102', NULL, NULL, NULL, false, false, NULL, '2026-06-29 11:03:45.616353');
INSERT INTO public.transactions VALUES ('ef3c36b8-afac-4a54-ae93-45d4a632360f', '931e6411-2e74-4caa-a72a-9d477db68f70', 'b46498c7-1d65-4e74-8d7c-c244be990780', '7393b1ba-76c3-463b-8e59-738dd6101e44', 'Medusa Burguer', 213.00, '2026-06-07', '2026-07-01', 'ONE_TIME', NULL, NULL, NULL, NULL, false, false, NULL, '2026-06-29 11:07:51.170034');
INSERT INTO public.transactions VALUES ('c3d18119-fe1c-4395-b940-bd43018b08de', '931e6411-2e74-4caa-a72a-9d477db68f70', '75d992b9-860b-4009-9789-22eebc304da8', '7393b1ba-76c3-463b-8e59-738dd6101e44', 'Auto Posto Dama', 38.90, '2026-06-06', '2026-07-01', 'ONE_TIME', NULL, NULL, NULL, NULL, false, false, NULL, '2026-06-29 11:09:10.073932');
INSERT INTO public.transactions VALUES ('4089f049-776f-4caf-9e32-2281781a3ea6', '931e6411-2e74-4caa-a72a-9d477db68f70', '75d992b9-860b-4009-9789-22eebc304da8', '7393b1ba-76c3-463b-8e59-738dd6101e44', 'Auto Posto Dama', 44.91, '2026-06-03', '2026-07-01', 'ONE_TIME', NULL, NULL, NULL, NULL, false, false, NULL, '2026-06-29 11:09:32.049743');
INSERT INTO public.transactions VALUES ('2dd87935-a2a7-49b1-87d2-05c6389c1903', '931e6411-2e74-4caa-a72a-9d477db68f70', '75d992b9-860b-4009-9789-22eebc304da8', 'bfd54678-1d3f-4a54-838c-69852c1ec8d4', 'Sete Estrelas ', 24.76, '2026-06-29', '2026-07-01', 'ONE_TIME', NULL, NULL, NULL, NULL, false, false, NULL, '2026-06-29 11:14:44.366527');
INSERT INTO public.transactions VALUES ('c1f4b652-4cc7-4284-a807-279cc7e1f88c', '931e6411-2e74-4caa-a72a-9d477db68f70', '75d992b9-860b-4009-9789-22eebc304da8', 'bfd54678-1d3f-4a54-838c-69852c1ec8d4', ' Street Motos (1/3)', 213.34, '2026-06-29', '2026-07-01', 'INSTALLMENT', 'afd2e9de-211a-446d-bb6b-ca559fadd781', 1, 3, NULL, false, false, NULL, '2026-06-29 11:45:59.515215');
INSERT INTO public.transactions VALUES ('aa026d67-e9eb-4217-ad67-482a82eed256', '931e6411-2e74-4caa-a72a-9d477db68f70', '75d992b9-860b-4009-9789-22eebc304da8', 'bfd54678-1d3f-4a54-838c-69852c1ec8d4', ' Street Motos (2/3)', 213.34, '2026-07-29', '2026-08-01', 'INSTALLMENT', 'afd2e9de-211a-446d-bb6b-ca559fadd781', 2, 3, NULL, false, false, NULL, '2026-06-29 11:45:59.517028');
INSERT INTO public.transactions VALUES ('d5a4b384-3493-49ea-b48f-f456ea6493f0', '931e6411-2e74-4caa-a72a-9d477db68f70', '75d992b9-860b-4009-9789-22eebc304da8', 'bfd54678-1d3f-4a54-838c-69852c1ec8d4', ' Street Motos (3/3)', 213.34, '2026-08-29', '2026-09-01', 'INSTALLMENT', 'afd2e9de-211a-446d-bb6b-ca559fadd781', 3, 3, NULL, false, false, NULL, '2026-06-29 11:45:59.517652');
INSERT INTO public.transactions VALUES ('9de27530-ba49-44ae-af8a-4f0a81aa9ac9', '931e6411-2e74-4caa-a72a-9d477db68f70', 'e0acc298-5877-4134-b89b-61fd077c7fb1', NULL, 'Mars', 2250.00, '2026-06-01', '2026-06-01', 'FIXED', 'c4b24e43-ad46-483c-82a1-ef4140fd6e07', NULL, NULL, NULL, false, false, NULL, '2026-06-28 22:22:54.806643');
INSERT INTO public.transactions VALUES ('b5b1572d-e2ad-4efe-b409-b0323d23f384', '931e6411-2e74-4caa-a72a-9d477db68f70', 'e0acc298-5877-4134-b89b-61fd077c7fb1', NULL, 'Mars', 2250.00, '2027-10-01', '2027-10-01', 'FIXED', 'c4b24e43-ad46-483c-82a1-ef4140fd6e07', NULL, NULL, NULL, false, false, NULL, '2026-06-28 22:22:54.829409');
INSERT INTO public.transactions VALUES ('ffc971f3-226e-4994-bcc3-1a7dfaf25769', '931e6411-2e74-4caa-a72a-9d477db68f70', '641ab9a5-acb0-444e-9cb9-db474f00d9c3', 'e10ef41b-8d06-4666-aa06-065e8e58f8df', 'Macbook (5/12)', 545.38, '2026-06-03', '2026-06-01', 'INSTALLMENT', '05c0bbc3-2c3e-419e-a07d-1411257c2190', 5, 12, NULL, false, false, NULL, '2026-06-29 09:21:38.692516');
INSERT INTO public.transactions VALUES ('2a524266-3f36-4e35-bbc2-ebf0970fb17e', '931e6411-2e74-4caa-a72a-9d477db68f70', '641ab9a5-acb0-444e-9cb9-db474f00d9c3', 'e10ef41b-8d06-4666-aa06-065e8e58f8df', 'Macbook (6/12)', 545.38, '2026-07-03', '2026-07-01', 'INSTALLMENT', '05c0bbc3-2c3e-419e-a07d-1411257c2190', 6, 12, NULL, false, false, NULL, '2026-06-29 09:21:38.694689');
INSERT INTO public.transactions VALUES ('0caacef2-d388-445e-998d-8b4deef83b0b', '931e6411-2e74-4caa-a72a-9d477db68f70', '641ab9a5-acb0-444e-9cb9-db474f00d9c3', 'e10ef41b-8d06-4666-aa06-065e8e58f8df', 'Macbook (7/12)', 545.38, '2026-08-03', '2026-08-01', 'INSTALLMENT', '05c0bbc3-2c3e-419e-a07d-1411257c2190', 7, 12, NULL, false, false, NULL, '2026-06-29 09:21:38.695196');
INSERT INTO public.transactions VALUES ('ff37e5b3-ccc0-4c7e-91a1-b94742cd9931', '931e6411-2e74-4caa-a72a-9d477db68f70', '641ab9a5-acb0-444e-9cb9-db474f00d9c3', 'e10ef41b-8d06-4666-aa06-065e8e58f8df', 'Macbook (8/12)', 545.38, '2026-09-03', '2026-09-01', 'INSTALLMENT', '05c0bbc3-2c3e-419e-a07d-1411257c2190', 8, 12, NULL, false, false, NULL, '2026-06-29 09:21:38.695666');
INSERT INTO public.transactions VALUES ('3d355ff4-50c7-4f47-9dbd-a6542f3286a4', '931e6411-2e74-4caa-a72a-9d477db68f70', '641ab9a5-acb0-444e-9cb9-db474f00d9c3', 'e10ef41b-8d06-4666-aa06-065e8e58f8df', 'Macbook (9/12)', 545.38, '2026-10-03', '2026-10-01', 'INSTALLMENT', '05c0bbc3-2c3e-419e-a07d-1411257c2190', 9, 12, NULL, false, false, NULL, '2026-06-29 09:21:38.696095');
INSERT INTO public.transactions VALUES ('85d8bcba-c3a8-46d6-97df-64d98b4da8b8', '931e6411-2e74-4caa-a72a-9d477db68f70', '641ab9a5-acb0-444e-9cb9-db474f00d9c3', 'e10ef41b-8d06-4666-aa06-065e8e58f8df', 'Macbook (10/12)', 545.38, '2026-11-03', '2026-11-01', 'INSTALLMENT', '05c0bbc3-2c3e-419e-a07d-1411257c2190', 10, 12, NULL, false, false, NULL, '2026-06-29 09:21:38.696459');
INSERT INTO public.transactions VALUES ('4f9b9551-fbb3-41f4-b275-47bd778a6c04', '931e6411-2e74-4caa-a72a-9d477db68f70', '641ab9a5-acb0-444e-9cb9-db474f00d9c3', 'e10ef41b-8d06-4666-aa06-065e8e58f8df', 'Macbook (11/12)', 545.38, '2026-12-03', '2026-12-01', 'INSTALLMENT', '05c0bbc3-2c3e-419e-a07d-1411257c2190', 11, 12, NULL, false, false, NULL, '2026-06-29 09:21:38.696951');
INSERT INTO public.transactions VALUES ('c552e30e-246b-4a6b-b1d3-1e51d8001044', '931e6411-2e74-4caa-a72a-9d477db68f70', '641ab9a5-acb0-444e-9cb9-db474f00d9c3', 'e10ef41b-8d06-4666-aa06-065e8e58f8df', 'Macbook (12/12)', 545.38, '2027-01-03', '2027-01-01', 'INSTALLMENT', '05c0bbc3-2c3e-419e-a07d-1411257c2190', 12, 12, NULL, false, false, NULL, '2026-06-29 09:21:38.697327');
INSERT INTO public.transactions VALUES ('b5618d64-3c4a-4c73-9bc9-7046b19ae95d', '931e6411-2e74-4caa-a72a-9d477db68f70', '75d992b9-860b-4009-9789-22eebc304da8', '7393b1ba-76c3-463b-8e59-738dd6101e44', 'Auto Posto Dama', 70.00, '2026-06-22', '2026-07-01', 'ONE_TIME', NULL, NULL, NULL, NULL, false, false, NULL, '2026-06-29 11:07:51.170011');
INSERT INTO public.transactions VALUES ('726c98ac-2b2b-4d6d-bf1a-a2b3812d8d15', '931e6411-2e74-4caa-a72a-9d477db68f70', '75d992b9-860b-4009-9789-22eebc304da8', '7393b1ba-76c3-463b-8e59-738dd6101e44', 'Auto Posto Dama', 80.01, '2026-06-22', '2026-07-01', 'VARIABLE', NULL, NULL, NULL, NULL, false, false, NULL, '2026-06-29 11:06:58.139433');
INSERT INTO public.transactions VALUES ('7008930a-4db3-4c2e-ada9-69fa59fcd976', '931e6411-2e74-4caa-a72a-9d477db68f70', '75d992b9-860b-4009-9789-22eebc304da8', '7393b1ba-76c3-463b-8e59-738dd6101e44', 'Posto Salvador', 113.70, '2026-06-06', '2026-07-01', 'ONE_TIME', NULL, NULL, NULL, NULL, false, false, NULL, '2026-06-29 11:09:10.073934');
INSERT INTO public.transactions VALUES ('63467b57-9097-48c9-b39d-ae1339dafdd1', '931e6411-2e74-4caa-a72a-9d477db68f70', '75d992b9-860b-4009-9789-22eebc304da8', '7393b1ba-76c3-463b-8e59-738dd6101e44', 'Auto Center Santa Cruz', 80.07, '2026-06-11', '2026-07-01', 'ONE_TIME', NULL, NULL, NULL, NULL, false, false, NULL, '2026-06-29 11:09:10.073932');
INSERT INTO public.transactions VALUES ('8020f0c3-db35-4d7d-b0af-020dd40b395e', '931e6411-2e74-4caa-a72a-9d477db68f70', 'e0acc298-5877-4134-b89b-61fd077c7fb1', NULL, 'Mars', 2250.00, '2027-12-01', '2027-12-01', 'FIXED', 'c4b24e43-ad46-483c-82a1-ef4140fd6e07', NULL, NULL, NULL, false, false, NULL, '2026-06-28 22:22:54.830635');
INSERT INTO public.transactions VALUES ('9b20eeb1-eb10-436e-9ce4-f20f42e2e9b0', '931e6411-2e74-4caa-a72a-9d477db68f70', 'e0acc298-5877-4134-b89b-61fd077c7fb1', NULL, 'Mars', 2250.00, '2028-01-01', '2028-01-01', 'FIXED', 'c4b24e43-ad46-483c-82a1-ef4140fd6e07', NULL, NULL, NULL, false, false, NULL, '2026-06-28 22:22:54.831241');
INSERT INTO public.transactions VALUES ('b0d3d403-bcc5-4262-94b1-01cdc37324a1', '931e6411-2e74-4caa-a72a-9d477db68f70', 'e0acc298-5877-4134-b89b-61fd077c7fb1', NULL, 'Mars', 2250.00, '2028-02-01', '2028-02-01', 'FIXED', 'c4b24e43-ad46-483c-82a1-ef4140fd6e07', NULL, NULL, NULL, false, false, NULL, '2026-06-28 22:22:54.83185');
INSERT INTO public.transactions VALUES ('90126c9e-4996-4559-aa6c-692dd11d5548', '931e6411-2e74-4caa-a72a-9d477db68f70', 'e0acc298-5877-4134-b89b-61fd077c7fb1', NULL, 'Mars', 2250.00, '2028-03-01', '2028-03-01', 'FIXED', 'c4b24e43-ad46-483c-82a1-ef4140fd6e07', NULL, NULL, NULL, false, false, NULL, '2026-06-28 22:22:54.832441');
INSERT INTO public.transactions VALUES ('95450ee5-1fbc-4347-96e7-fb6dc261584a', '931e6411-2e74-4caa-a72a-9d477db68f70', 'e0acc298-5877-4134-b89b-61fd077c7fb1', NULL, 'Mars', 2250.00, '2028-04-01', '2028-04-01', 'FIXED', 'c4b24e43-ad46-483c-82a1-ef4140fd6e07', NULL, NULL, NULL, false, false, NULL, '2026-06-28 22:22:54.833835');
INSERT INTO public.transactions VALUES ('5ebd5066-cc90-4ea0-a4c4-3747744946a4', '931e6411-2e74-4caa-a72a-9d477db68f70', 'e0acc298-5877-4134-b89b-61fd077c7fb1', NULL, 'Mars', 2250.00, '2028-05-01', '2028-05-01', 'FIXED', 'c4b24e43-ad46-483c-82a1-ef4140fd6e07', NULL, NULL, NULL, false, false, NULL, '2026-06-28 22:22:54.834453');
INSERT INTO public.transactions VALUES ('de8004a9-2a08-4567-8bfe-8bd0b15a157a', '931e6411-2e74-4caa-a72a-9d477db68f70', '75d992b9-860b-4009-9789-22eebc304da8', NULL, 'Finamento - FZ25 (43/48)', 1160.00, '2026-07-17', '2026-07-01', 'INSTALLMENT', '461ef9b2-5d3a-4b3e-8fc1-f0409365312f', 43, 48, NULL, false, false, NULL, '2026-06-29 12:05:33.837604');
INSERT INTO public.transactions VALUES ('fb46f39f-31d4-4ad5-9db5-ee6a1d183d73', '931e6411-2e74-4caa-a72a-9d477db68f70', '75d992b9-860b-4009-9789-22eebc304da8', NULL, 'Finamento - FZ25 (44/48)', 1160.00, '2026-08-17', '2026-08-01', 'INSTALLMENT', '461ef9b2-5d3a-4b3e-8fc1-f0409365312f', 44, 48, NULL, false, false, NULL, '2026-06-29 12:05:33.83879');
INSERT INTO public.transactions VALUES ('679641d8-0ca2-41cc-a167-1937cee71f32', '931e6411-2e74-4caa-a72a-9d477db68f70', '75d992b9-860b-4009-9789-22eebc304da8', NULL, 'Finamento - FZ25 (45/48)', 1160.00, '2026-09-17', '2026-09-01', 'INSTALLMENT', '461ef9b2-5d3a-4b3e-8fc1-f0409365312f', 45, 48, NULL, false, false, NULL, '2026-06-29 12:05:33.839588');
INSERT INTO public.transactions VALUES ('28a1b928-29cd-4953-8c50-388248aa56a6', '931e6411-2e74-4caa-a72a-9d477db68f70', '75d992b9-860b-4009-9789-22eebc304da8', NULL, 'Finamento - FZ25 (46/48)', 1160.00, '2026-10-17', '2026-10-01', 'INSTALLMENT', '461ef9b2-5d3a-4b3e-8fc1-f0409365312f', 46, 48, NULL, false, false, NULL, '2026-06-29 12:05:33.840056');
INSERT INTO public.transactions VALUES ('e07ee126-eeef-406a-b5c1-684e4299b9bf', '931e6411-2e74-4caa-a72a-9d477db68f70', '75d992b9-860b-4009-9789-22eebc304da8', NULL, 'Finamento - FZ25 (47/48)', 1160.00, '2026-11-17', '2026-11-01', 'INSTALLMENT', '461ef9b2-5d3a-4b3e-8fc1-f0409365312f', 47, 48, NULL, false, false, NULL, '2026-06-29 12:05:33.840605');
INSERT INTO public.transactions VALUES ('9b5e06d3-aafb-41fc-aabb-938a9db6c499', '931e6411-2e74-4caa-a72a-9d477db68f70', '75d992b9-860b-4009-9789-22eebc304da8', NULL, 'Finamento - FZ25 (48/48)', 1160.00, '2026-12-17', '2026-12-01', 'INSTALLMENT', '461ef9b2-5d3a-4b3e-8fc1-f0409365312f', 48, 48, NULL, false, false, NULL, '2026-06-29 12:05:33.840995');
INSERT INTO public.transactions VALUES ('9fc02702-883c-4159-b5bc-801fd891bb99', '931e6411-2e74-4caa-a72a-9d477db68f70', 'e3b362b0-7e8c-4f1b-af5d-747070e8a69c', NULL, 'Remédio Maria', 140.00, '2026-07-07', '2026-07-01', 'VARIABLE', NULL, NULL, NULL, NULL, false, false, NULL, '2026-06-29 12:17:15.696983');
INSERT INTO public.transactions VALUES ('61543a24-1137-40f6-9356-47b43ab96d1f', '931e6411-2e74-4caa-a72a-9d477db68f70', '66b1b023-2c61-46e5-bd83-66e90ee26538', NULL, 'Renata - Fretado UMC', 380.00, '2026-07-10', '2026-07-01', 'FIXED', 'fa9e8387-07c3-4ebb-bbf0-5feddb594f9f', NULL, NULL, NULL, false, false, NULL, '2026-06-29 12:18:36.91085');
INSERT INTO public.transactions VALUES ('e486e704-5cb7-429a-a279-5d929b258754', '931e6411-2e74-4caa-a72a-9d477db68f70', '66b1b023-2c61-46e5-bd83-66e90ee26538', NULL, 'Renata - Fretado UMC', 380.00, '2026-08-10', '2026-08-01', 'FIXED', 'fa9e8387-07c3-4ebb-bbf0-5feddb594f9f', NULL, NULL, NULL, false, false, NULL, '2026-06-29 12:18:36.911803');
INSERT INTO public.transactions VALUES ('14ba1942-4c32-44e4-a974-c6f7abd8fce6', '931e6411-2e74-4caa-a72a-9d477db68f70', '66b1b023-2c61-46e5-bd83-66e90ee26538', NULL, 'Renata - Fretado UMC', 380.00, '2026-09-10', '2026-09-01', 'FIXED', 'fa9e8387-07c3-4ebb-bbf0-5feddb594f9f', NULL, NULL, NULL, false, false, NULL, '2026-06-29 12:18:36.912258');
INSERT INTO public.transactions VALUES ('6e519bef-0d8c-40f1-8cd5-35f9974eecf2', '931e6411-2e74-4caa-a72a-9d477db68f70', '66b1b023-2c61-46e5-bd83-66e90ee26538', NULL, 'Renata - Fretado UMC', 380.00, '2026-10-10', '2026-10-01', 'FIXED', 'fa9e8387-07c3-4ebb-bbf0-5feddb594f9f', NULL, NULL, NULL, false, false, NULL, '2026-06-29 12:18:36.912596');
INSERT INTO public.transactions VALUES ('0c50015d-7872-4247-9391-01cd0e0c92ce', '931e6411-2e74-4caa-a72a-9d477db68f70', '66b1b023-2c61-46e5-bd83-66e90ee26538', NULL, 'Renata - Fretado UMC', 380.00, '2026-11-10', '2026-11-01', 'FIXED', 'fa9e8387-07c3-4ebb-bbf0-5feddb594f9f', NULL, NULL, NULL, false, false, NULL, '2026-06-29 12:18:36.912978');
INSERT INTO public.transactions VALUES ('84e8b486-7ab8-4714-9e99-a8508fda5089', '931e6411-2e74-4caa-a72a-9d477db68f70', '66b1b023-2c61-46e5-bd83-66e90ee26538', NULL, 'Renata - Fretado UMC', 380.00, '2026-12-10', '2026-12-01', 'FIXED', 'fa9e8387-07c3-4ebb-bbf0-5feddb594f9f', NULL, NULL, NULL, false, false, NULL, '2026-06-29 12:18:36.913392');
INSERT INTO public.transactions VALUES ('42b6eca7-29a9-49e7-9a92-6fcc15dd1603', '931e6411-2e74-4caa-a72a-9d477db68f70', '66b1b023-2c61-46e5-bd83-66e90ee26538', NULL, 'Renata - Fretado UMC', 380.00, '2027-01-10', '2027-01-01', 'FIXED', 'fa9e8387-07c3-4ebb-bbf0-5feddb594f9f', NULL, NULL, NULL, false, false, NULL, '2026-06-29 12:18:36.913732');
INSERT INTO public.transactions VALUES ('a90843d9-9264-4194-8128-c06199a1a6b9', '931e6411-2e74-4caa-a72a-9d477db68f70', '66b1b023-2c61-46e5-bd83-66e90ee26538', NULL, 'Renata - Fretado UMC', 380.00, '2027-02-10', '2027-02-01', 'FIXED', 'fa9e8387-07c3-4ebb-bbf0-5feddb594f9f', NULL, NULL, NULL, false, false, NULL, '2026-06-29 12:18:36.913984');
INSERT INTO public.transactions VALUES ('70d2001f-c31b-4043-8da4-5dce1a209b4e', '931e6411-2e74-4caa-a72a-9d477db68f70', '66b1b023-2c61-46e5-bd83-66e90ee26538', NULL, 'Renata - Fretado UMC', 380.00, '2027-03-10', '2027-03-01', 'FIXED', 'fa9e8387-07c3-4ebb-bbf0-5feddb594f9f', NULL, NULL, NULL, false, false, NULL, '2026-06-29 12:18:36.914254');
INSERT INTO public.transactions VALUES ('1637ed69-5d44-47f7-8366-d56bc6838ab8', '931e6411-2e74-4caa-a72a-9d477db68f70', '66b1b023-2c61-46e5-bd83-66e90ee26538', NULL, 'Renata - Fretado UMC', 380.00, '2027-04-10', '2027-04-01', 'FIXED', 'fa9e8387-07c3-4ebb-bbf0-5feddb594f9f', NULL, NULL, NULL, false, false, NULL, '2026-06-29 12:18:36.914507');
INSERT INTO public.transactions VALUES ('49db3d9c-c811-4a49-8c57-7077d0be92be', '931e6411-2e74-4caa-a72a-9d477db68f70', '66b1b023-2c61-46e5-bd83-66e90ee26538', NULL, 'Renata - Fretado UMC', 380.00, '2027-05-10', '2027-05-01', 'FIXED', 'fa9e8387-07c3-4ebb-bbf0-5feddb594f9f', NULL, NULL, NULL, false, false, NULL, '2026-06-29 12:18:36.914743');
INSERT INTO public.transactions VALUES ('cdd9a61c-d639-4103-b85a-698a6f8b48fa', '931e6411-2e74-4caa-a72a-9d477db68f70', '66b1b023-2c61-46e5-bd83-66e90ee26538', NULL, 'Renata - Fretado UMC', 380.00, '2027-06-10', '2027-06-01', 'FIXED', 'fa9e8387-07c3-4ebb-bbf0-5feddb594f9f', NULL, NULL, NULL, false, false, NULL, '2026-06-29 12:18:36.915027');
INSERT INTO public.transactions VALUES ('f46ebe92-9636-4aa9-a344-44696fa67b24', '931e6411-2e74-4caa-a72a-9d477db68f70', '66b1b023-2c61-46e5-bd83-66e90ee26538', NULL, 'Renata - Fretado UMC', 380.00, '2027-07-10', '2027-07-01', 'FIXED', 'fa9e8387-07c3-4ebb-bbf0-5feddb594f9f', NULL, NULL, NULL, false, false, NULL, '2026-06-29 12:18:36.915351');
INSERT INTO public.transactions VALUES ('a553b5fe-3b2e-4eb8-b7b9-605718c9cc4f', '931e6411-2e74-4caa-a72a-9d477db68f70', '66b1b023-2c61-46e5-bd83-66e90ee26538', NULL, 'Renata - Fretado UMC', 380.00, '2027-08-10', '2027-08-01', 'FIXED', 'fa9e8387-07c3-4ebb-bbf0-5feddb594f9f', NULL, NULL, NULL, false, false, NULL, '2026-06-29 12:18:36.915618');
INSERT INTO public.transactions VALUES ('aed5f6dd-0a67-4cb5-96f0-828f3f9f10b1', '931e6411-2e74-4caa-a72a-9d477db68f70', '66b1b023-2c61-46e5-bd83-66e90ee26538', NULL, 'Renata - Fretado UMC', 380.00, '2027-09-10', '2027-09-01', 'FIXED', 'fa9e8387-07c3-4ebb-bbf0-5feddb594f9f', NULL, NULL, NULL, false, false, NULL, '2026-06-29 12:18:36.915853');
INSERT INTO public.transactions VALUES ('eda683ef-1836-4055-9e44-613c69139212', '931e6411-2e74-4caa-a72a-9d477db68f70', '66b1b023-2c61-46e5-bd83-66e90ee26538', NULL, 'Renata - Fretado UMC', 380.00, '2027-10-10', '2027-10-01', 'FIXED', 'fa9e8387-07c3-4ebb-bbf0-5feddb594f9f', NULL, NULL, NULL, false, false, NULL, '2026-06-29 12:18:36.9161');
INSERT INTO public.transactions VALUES ('3ede36a0-8de8-4b99-acee-8b85135eb8f3', '931e6411-2e74-4caa-a72a-9d477db68f70', '66b1b023-2c61-46e5-bd83-66e90ee26538', NULL, 'Renata - Fretado UMC', 380.00, '2027-11-10', '2027-11-01', 'FIXED', 'fa9e8387-07c3-4ebb-bbf0-5feddb594f9f', NULL, NULL, NULL, false, false, NULL, '2026-06-29 12:18:36.916361');
INSERT INTO public.transactions VALUES ('a11cc8a6-1a32-413d-9582-dcff9d110326', '931e6411-2e74-4caa-a72a-9d477db68f70', '66b1b023-2c61-46e5-bd83-66e90ee26538', NULL, 'Renata - Fretado UMC', 380.00, '2027-12-10', '2027-12-01', 'FIXED', 'fa9e8387-07c3-4ebb-bbf0-5feddb594f9f', NULL, NULL, NULL, false, false, NULL, '2026-06-29 12:18:36.916597');
INSERT INTO public.transactions VALUES ('cb39c060-a98e-4773-8ddd-d85cce2fd6e5', '931e6411-2e74-4caa-a72a-9d477db68f70', '66b1b023-2c61-46e5-bd83-66e90ee26538', NULL, 'Renata - Fretado UMC', 380.00, '2028-01-10', '2028-01-01', 'FIXED', 'fa9e8387-07c3-4ebb-bbf0-5feddb594f9f', NULL, NULL, NULL, false, false, NULL, '2026-06-29 12:18:36.916876');
INSERT INTO public.transactions VALUES ('8337fd04-55d4-432d-a975-9374e8e67fae', '931e6411-2e74-4caa-a72a-9d477db68f70', '66b1b023-2c61-46e5-bd83-66e90ee26538', NULL, 'Renata - Fretado UMC', 380.00, '2028-02-10', '2028-02-01', 'FIXED', 'fa9e8387-07c3-4ebb-bbf0-5feddb594f9f', NULL, NULL, NULL, false, false, NULL, '2026-06-29 12:18:36.917124');
INSERT INTO public.transactions VALUES ('10c66af1-09d9-46f3-8dc5-c29d1ce67174', '931e6411-2e74-4caa-a72a-9d477db68f70', '66b1b023-2c61-46e5-bd83-66e90ee26538', NULL, 'Renata - Fretado UMC', 380.00, '2028-03-10', '2028-03-01', 'FIXED', 'fa9e8387-07c3-4ebb-bbf0-5feddb594f9f', NULL, NULL, NULL, false, false, NULL, '2026-06-29 12:18:36.917391');
INSERT INTO public.transactions VALUES ('f92844bb-c300-4e66-b2b0-8fdd32badcb2', '931e6411-2e74-4caa-a72a-9d477db68f70', '66b1b023-2c61-46e5-bd83-66e90ee26538', NULL, 'Renata - Fretado UMC', 380.00, '2028-04-10', '2028-04-01', 'FIXED', 'fa9e8387-07c3-4ebb-bbf0-5feddb594f9f', NULL, NULL, NULL, false, false, NULL, '2026-06-29 12:18:36.917629');
INSERT INTO public.transactions VALUES ('7cc8cac6-e849-4a8e-95be-52b8c7a68161', '931e6411-2e74-4caa-a72a-9d477db68f70', '66b1b023-2c61-46e5-bd83-66e90ee26538', NULL, 'Renata - Fretado UMC', 380.00, '2028-05-10', '2028-05-01', 'FIXED', 'fa9e8387-07c3-4ebb-bbf0-5feddb594f9f', NULL, NULL, NULL, false, false, NULL, '2026-06-29 12:18:36.917898');
INSERT INTO public.transactions VALUES ('33938b08-7273-4e6e-b449-f21638544bfd', '931e6411-2e74-4caa-a72a-9d477db68f70', '66b1b023-2c61-46e5-bd83-66e90ee26538', NULL, 'Renata - Fretado UMC', 380.00, '2028-06-10', '2028-06-01', 'FIXED', 'fa9e8387-07c3-4ebb-bbf0-5feddb594f9f', NULL, NULL, NULL, false, false, NULL, '2026-06-29 12:18:36.918111');
INSERT INTO public.transactions VALUES ('f1e968ce-cfc1-4a6a-b0bd-42937cebbc20', '931e6411-2e74-4caa-a72a-9d477db68f70', 'e0acc298-5877-4134-b89b-61fd077c7fb1', NULL, 'Mars', 2250.00, '2026-07-01', '2026-07-01', 'FIXED', 'c4b24e43-ad46-483c-82a1-ef4140fd6e07', NULL, NULL, NULL, false, false, NULL, '2026-06-28 22:22:54.818756');
INSERT INTO public.transactions VALUES ('cbcc5715-b37f-4812-9ffd-7eb4bf3c09d0', '931e6411-2e74-4caa-a72a-9d477db68f70', 'e0acc298-5877-4134-b89b-61fd077c7fb1', NULL, 'Mars', 2250.00, '2026-08-01', '2026-08-01', 'FIXED', 'c4b24e43-ad46-483c-82a1-ef4140fd6e07', NULL, NULL, NULL, false, false, NULL, '2026-06-28 22:22:54.819771');
INSERT INTO public.transactions VALUES ('a2bd7cfd-bee9-4847-a3ea-53177d1ede2e', '931e6411-2e74-4caa-a72a-9d477db68f70', 'e0acc298-5877-4134-b89b-61fd077c7fb1', NULL, 'Mars', 2250.00, '2026-09-01', '2026-09-01', 'FIXED', 'c4b24e43-ad46-483c-82a1-ef4140fd6e07', NULL, NULL, NULL, false, false, NULL, '2026-06-28 22:22:54.820633');
INSERT INTO public.transactions VALUES ('8cb5cb19-6183-43fa-a7eb-bb199783a0ed', '931e6411-2e74-4caa-a72a-9d477db68f70', 'e0acc298-5877-4134-b89b-61fd077c7fb1', NULL, 'Mars', 2250.00, '2026-10-01', '2026-10-01', 'FIXED', 'c4b24e43-ad46-483c-82a1-ef4140fd6e07', NULL, NULL, NULL, false, false, NULL, '2026-06-28 22:22:54.821433');
INSERT INTO public.transactions VALUES ('3ec48bd0-d698-4df7-94ad-98df3cc604cc', '931e6411-2e74-4caa-a72a-9d477db68f70', 'e0acc298-5877-4134-b89b-61fd077c7fb1', NULL, 'Mars', 2250.00, '2026-11-01', '2026-11-01', 'FIXED', 'c4b24e43-ad46-483c-82a1-ef4140fd6e07', NULL, NULL, NULL, false, false, NULL, '2026-06-28 22:22:54.822214');
INSERT INTO public.transactions VALUES ('eab8147a-ede4-4df3-937d-74dc4c932623', '931e6411-2e74-4caa-a72a-9d477db68f70', 'e0acc298-5877-4134-b89b-61fd077c7fb1', NULL, 'Mars', 2250.00, '2026-12-01', '2026-12-01', 'FIXED', 'c4b24e43-ad46-483c-82a1-ef4140fd6e07', NULL, NULL, NULL, false, false, NULL, '2026-06-28 22:22:54.822917');
INSERT INTO public.transactions VALUES ('cea87300-7a7e-4943-8c5f-845ee5f8e57f', '931e6411-2e74-4caa-a72a-9d477db68f70', 'e0acc298-5877-4134-b89b-61fd077c7fb1', NULL, 'Mars', 2250.00, '2027-01-01', '2027-01-01', 'FIXED', 'c4b24e43-ad46-483c-82a1-ef4140fd6e07', NULL, NULL, NULL, false, false, NULL, '2026-06-28 22:22:54.823635');
INSERT INTO public.transactions VALUES ('6eb86d49-b74c-4242-8049-0dce9f6ed0a6', '931e6411-2e74-4caa-a72a-9d477db68f70', 'e0acc298-5877-4134-b89b-61fd077c7fb1', NULL, 'Mars', 2250.00, '2027-02-01', '2027-02-01', 'FIXED', 'c4b24e43-ad46-483c-82a1-ef4140fd6e07', NULL, NULL, NULL, false, false, NULL, '2026-06-28 22:22:54.82431');
INSERT INTO public.transactions VALUES ('1a20d1f8-b743-41c2-afb8-6f02023163cc', '931e6411-2e74-4caa-a72a-9d477db68f70', 'e0acc298-5877-4134-b89b-61fd077c7fb1', NULL, 'Mars', 2250.00, '2027-03-01', '2027-03-01', 'FIXED', 'c4b24e43-ad46-483c-82a1-ef4140fd6e07', NULL, NULL, NULL, false, false, NULL, '2026-06-28 22:22:54.825003');
INSERT INTO public.transactions VALUES ('0158a616-f7b7-4113-ba9e-fe1d4c80f742', '931e6411-2e74-4caa-a72a-9d477db68f70', 'e0acc298-5877-4134-b89b-61fd077c7fb1', NULL, 'Mars', 2250.00, '2027-04-01', '2027-04-01', 'FIXED', 'c4b24e43-ad46-483c-82a1-ef4140fd6e07', NULL, NULL, NULL, false, false, NULL, '2026-06-28 22:22:54.825719');
INSERT INTO public.transactions VALUES ('38f975b0-fce8-438e-b86a-b9900954519a', '931e6411-2e74-4caa-a72a-9d477db68f70', 'e0acc298-5877-4134-b89b-61fd077c7fb1', NULL, 'Mars', 2250.00, '2027-05-01', '2027-05-01', 'FIXED', 'c4b24e43-ad46-483c-82a1-ef4140fd6e07', NULL, NULL, NULL, false, false, NULL, '2026-06-28 22:22:54.826371');
INSERT INTO public.transactions VALUES ('19824e1d-746d-464a-b166-280eaf1fed5d', '931e6411-2e74-4caa-a72a-9d477db68f70', 'e0acc298-5877-4134-b89b-61fd077c7fb1', NULL, 'Mars', 2250.00, '2027-06-01', '2027-06-01', 'FIXED', 'c4b24e43-ad46-483c-82a1-ef4140fd6e07', NULL, NULL, NULL, false, false, NULL, '2026-06-28 22:22:54.826951');
INSERT INTO public.transactions VALUES ('ffbad40b-de79-4b5f-a252-dc2b41213674', '931e6411-2e74-4caa-a72a-9d477db68f70', 'e0acc298-5877-4134-b89b-61fd077c7fb1', NULL, 'Mars', 2250.00, '2027-07-01', '2027-07-01', 'FIXED', 'c4b24e43-ad46-483c-82a1-ef4140fd6e07', NULL, NULL, NULL, false, false, NULL, '2026-06-28 22:22:54.827525');
INSERT INTO public.transactions VALUES ('595db77f-dfb4-44ba-876c-f78dcc74ebd9', '931e6411-2e74-4caa-a72a-9d477db68f70', 'e0acc298-5877-4134-b89b-61fd077c7fb1', NULL, 'Mars', 2250.00, '2027-08-01', '2027-08-01', 'FIXED', 'c4b24e43-ad46-483c-82a1-ef4140fd6e07', NULL, NULL, NULL, false, false, NULL, '2026-06-28 22:22:54.828094');
INSERT INTO public.transactions VALUES ('f6632434-f89e-488a-b1f4-0e760666c788', '931e6411-2e74-4caa-a72a-9d477db68f70', 'e0acc298-5877-4134-b89b-61fd077c7fb1', NULL, 'Mars', 2250.00, '2027-09-01', '2027-09-01', 'FIXED', 'c4b24e43-ad46-483c-82a1-ef4140fd6e07', NULL, NULL, NULL, false, false, NULL, '2026-06-28 22:22:54.828736');
INSERT INTO public.transactions VALUES ('721a2cf0-fa22-4e57-bac5-1325014a7b3d', '931e6411-2e74-4caa-a72a-9d477db68f70', 'e0acc298-5877-4134-b89b-61fd077c7fb1', NULL, 'Mars', 2250.00, '2027-11-01', '2027-11-01', 'FIXED', 'c4b24e43-ad46-483c-82a1-ef4140fd6e07', NULL, NULL, NULL, false, false, NULL, '2026-06-28 22:22:54.830012');
INSERT INTO public.transactions VALUES ('76c7dfc6-cfa3-451f-9e7e-102607c04dbb', '931e6411-2e74-4caa-a72a-9d477db68f70', 'b98a72d4-353a-4efa-8a75-bc7d2ef80d31', NULL, 'Gastos avulsos ', 1229.66, '2026-07-01', '2026-07-01', 'VARIABLE', NULL, NULL, NULL, NULL, false, false, NULL, '2026-06-29 12:45:17.974371');
INSERT INTO public.transactions VALUES ('26e34341-6fc3-4f99-9f3a-24aee44b47b3', '931e6411-2e74-4caa-a72a-9d477db68f70', '641ab9a5-acb0-444e-9cb9-db474f00d9c3', NULL, 'DAS + Contador', 151.05, '2026-06-29', '2026-06-01', 'FIXED', '78c4730c-1ee1-44aa-a125-bf4d8b3ec229', NULL, NULL, NULL, false, false, NULL, '2026-06-29 13:04:40.883099');
INSERT INTO public.transactions VALUES ('da78ec3d-a29a-4f5f-acc4-d226b8ceb727', '931e6411-2e74-4caa-a72a-9d477db68f70', '641ab9a5-acb0-444e-9cb9-db474f00d9c3', NULL, 'DAS + Contador', 151.05, '2026-07-29', '2026-07-01', 'FIXED', '78c4730c-1ee1-44aa-a125-bf4d8b3ec229', NULL, NULL, NULL, false, false, NULL, '2026-06-29 13:04:40.884418');
INSERT INTO public.transactions VALUES ('42de67e6-b70f-4919-9476-c7b18c4d4a0e', '931e6411-2e74-4caa-a72a-9d477db68f70', '641ab9a5-acb0-444e-9cb9-db474f00d9c3', NULL, 'DAS + Contador', 151.05, '2026-08-29', '2026-08-01', 'FIXED', '78c4730c-1ee1-44aa-a125-bf4d8b3ec229', NULL, NULL, NULL, false, false, NULL, '2026-06-29 13:04:40.885011');
INSERT INTO public.transactions VALUES ('a4858f3f-373d-4627-9dff-321ee7614fe7', '931e6411-2e74-4caa-a72a-9d477db68f70', '641ab9a5-acb0-444e-9cb9-db474f00d9c3', NULL, 'DAS + Contador', 151.05, '2026-09-29', '2026-09-01', 'FIXED', '78c4730c-1ee1-44aa-a125-bf4d8b3ec229', NULL, NULL, NULL, false, false, NULL, '2026-06-29 13:04:40.885359');
INSERT INTO public.transactions VALUES ('657b8a34-5782-4273-9c17-aae16870fc68', '931e6411-2e74-4caa-a72a-9d477db68f70', '641ab9a5-acb0-444e-9cb9-db474f00d9c3', NULL, 'DAS + Contador', 151.05, '2026-10-29', '2026-10-01', 'FIXED', '78c4730c-1ee1-44aa-a125-bf4d8b3ec229', NULL, NULL, NULL, false, false, NULL, '2026-06-29 13:04:40.885801');
INSERT INTO public.transactions VALUES ('d0026130-0dd3-49a3-8693-0ea11e517af1', '931e6411-2e74-4caa-a72a-9d477db68f70', '641ab9a5-acb0-444e-9cb9-db474f00d9c3', NULL, 'DAS + Contador', 151.05, '2026-11-29', '2026-11-01', 'FIXED', '78c4730c-1ee1-44aa-a125-bf4d8b3ec229', NULL, NULL, NULL, false, false, NULL, '2026-06-29 13:04:40.886365');
INSERT INTO public.transactions VALUES ('87d26803-86b2-4fdf-8233-03adf3932986', '931e6411-2e74-4caa-a72a-9d477db68f70', '641ab9a5-acb0-444e-9cb9-db474f00d9c3', NULL, 'DAS + Contador', 151.05, '2026-12-29', '2026-12-01', 'FIXED', '78c4730c-1ee1-44aa-a125-bf4d8b3ec229', NULL, NULL, NULL, false, false, NULL, '2026-06-29 13:04:40.887097');
INSERT INTO public.transactions VALUES ('8132d83c-3780-47f9-967d-c59d09f70d4a', '931e6411-2e74-4caa-a72a-9d477db68f70', '641ab9a5-acb0-444e-9cb9-db474f00d9c3', NULL, 'DAS + Contador', 151.05, '2027-01-29', '2027-01-01', 'FIXED', '78c4730c-1ee1-44aa-a125-bf4d8b3ec229', NULL, NULL, NULL, false, false, NULL, '2026-06-29 13:04:40.887514');
INSERT INTO public.transactions VALUES ('04f2657d-f9a7-4a86-8bab-3d4da5acf413', '931e6411-2e74-4caa-a72a-9d477db68f70', '641ab9a5-acb0-444e-9cb9-db474f00d9c3', NULL, 'DAS + Contador', 151.05, '2027-02-28', '2027-02-01', 'FIXED', '78c4730c-1ee1-44aa-a125-bf4d8b3ec229', NULL, NULL, NULL, false, false, NULL, '2026-06-29 13:04:40.887916');
INSERT INTO public.transactions VALUES ('3a91a436-1021-45fc-bbd5-f3bd86f57289', '931e6411-2e74-4caa-a72a-9d477db68f70', '641ab9a5-acb0-444e-9cb9-db474f00d9c3', NULL, 'DAS + Contador', 151.05, '2027-03-29', '2027-03-01', 'FIXED', '78c4730c-1ee1-44aa-a125-bf4d8b3ec229', NULL, NULL, NULL, false, false, NULL, '2026-06-29 13:04:40.888258');
INSERT INTO public.transactions VALUES ('b632df56-5c3e-410a-b76f-538bd8511e24', '931e6411-2e74-4caa-a72a-9d477db68f70', '641ab9a5-acb0-444e-9cb9-db474f00d9c3', NULL, 'DAS + Contador', 151.05, '2027-04-29', '2027-04-01', 'FIXED', '78c4730c-1ee1-44aa-a125-bf4d8b3ec229', NULL, NULL, NULL, false, false, NULL, '2026-06-29 13:04:40.888554');
INSERT INTO public.transactions VALUES ('b992aaa2-df38-43ac-8758-783effc36903', '931e6411-2e74-4caa-a72a-9d477db68f70', '641ab9a5-acb0-444e-9cb9-db474f00d9c3', NULL, 'DAS + Contador', 151.05, '2027-05-29', '2027-05-01', 'FIXED', '78c4730c-1ee1-44aa-a125-bf4d8b3ec229', NULL, NULL, NULL, false, false, NULL, '2026-06-29 13:04:40.888847');
INSERT INTO public.transactions VALUES ('528d4ec7-604e-427a-99ce-fec0bef1f026', '931e6411-2e74-4caa-a72a-9d477db68f70', '641ab9a5-acb0-444e-9cb9-db474f00d9c3', NULL, 'DAS + Contador', 151.05, '2027-06-29', '2027-06-01', 'FIXED', '78c4730c-1ee1-44aa-a125-bf4d8b3ec229', NULL, NULL, NULL, false, false, NULL, '2026-06-29 13:04:40.889111');
INSERT INTO public.transactions VALUES ('fc58bb11-a319-43bd-b7e8-81f635cb635b', '931e6411-2e74-4caa-a72a-9d477db68f70', '641ab9a5-acb0-444e-9cb9-db474f00d9c3', NULL, 'DAS + Contador', 151.05, '2027-07-29', '2027-07-01', 'FIXED', '78c4730c-1ee1-44aa-a125-bf4d8b3ec229', NULL, NULL, NULL, false, false, NULL, '2026-06-29 13:04:40.889381');
INSERT INTO public.transactions VALUES ('b979bc63-f8ec-4bc5-915a-5fe56ebd872d', '931e6411-2e74-4caa-a72a-9d477db68f70', '641ab9a5-acb0-444e-9cb9-db474f00d9c3', NULL, 'DAS + Contador', 151.05, '2027-08-29', '2027-08-01', 'FIXED', '78c4730c-1ee1-44aa-a125-bf4d8b3ec229', NULL, NULL, NULL, false, false, NULL, '2026-06-29 13:04:40.889639');
INSERT INTO public.transactions VALUES ('a305e4bf-c639-4ef9-9f16-aa1644f2cc74', '931e6411-2e74-4caa-a72a-9d477db68f70', '641ab9a5-acb0-444e-9cb9-db474f00d9c3', NULL, 'DAS + Contador', 151.05, '2027-09-29', '2027-09-01', 'FIXED', '78c4730c-1ee1-44aa-a125-bf4d8b3ec229', NULL, NULL, NULL, false, false, NULL, '2026-06-29 13:04:40.889913');
INSERT INTO public.transactions VALUES ('0696e77a-8c18-40b5-82ff-035b13b38890', '931e6411-2e74-4caa-a72a-9d477db68f70', '641ab9a5-acb0-444e-9cb9-db474f00d9c3', NULL, 'DAS + Contador', 151.05, '2027-10-29', '2027-10-01', 'FIXED', '78c4730c-1ee1-44aa-a125-bf4d8b3ec229', NULL, NULL, NULL, false, false, NULL, '2026-06-29 13:04:40.890242');
INSERT INTO public.transactions VALUES ('80bce0b2-bd9a-456d-8d86-c6afe4e905b9', '931e6411-2e74-4caa-a72a-9d477db68f70', '641ab9a5-acb0-444e-9cb9-db474f00d9c3', NULL, 'DAS + Contador', 151.05, '2027-11-29', '2027-11-01', 'FIXED', '78c4730c-1ee1-44aa-a125-bf4d8b3ec229', NULL, NULL, NULL, false, false, NULL, '2026-06-29 13:04:40.890582');
INSERT INTO public.transactions VALUES ('056e00b4-25b8-4374-85e3-352483334446', '931e6411-2e74-4caa-a72a-9d477db68f70', '641ab9a5-acb0-444e-9cb9-db474f00d9c3', NULL, 'DAS + Contador', 151.05, '2027-12-29', '2027-12-01', 'FIXED', '78c4730c-1ee1-44aa-a125-bf4d8b3ec229', NULL, NULL, NULL, false, false, NULL, '2026-06-29 13:04:40.891019');
INSERT INTO public.transactions VALUES ('d7cfd289-2ff6-42ce-a72b-432cbbe7195f', '931e6411-2e74-4caa-a72a-9d477db68f70', '641ab9a5-acb0-444e-9cb9-db474f00d9c3', NULL, 'DAS + Contador', 151.05, '2028-01-29', '2028-01-01', 'FIXED', '78c4730c-1ee1-44aa-a125-bf4d8b3ec229', NULL, NULL, NULL, false, false, NULL, '2026-06-29 13:04:40.891325');
INSERT INTO public.transactions VALUES ('5f0f4c15-e36c-4318-bbb3-6001672d0299', '931e6411-2e74-4caa-a72a-9d477db68f70', '641ab9a5-acb0-444e-9cb9-db474f00d9c3', NULL, 'DAS + Contador', 151.05, '2028-02-29', '2028-02-01', 'FIXED', '78c4730c-1ee1-44aa-a125-bf4d8b3ec229', NULL, NULL, NULL, false, false, NULL, '2026-06-29 13:04:40.891601');
INSERT INTO public.transactions VALUES ('fd89aa62-dbe8-40a5-848e-31b5a8217ace', '931e6411-2e74-4caa-a72a-9d477db68f70', '641ab9a5-acb0-444e-9cb9-db474f00d9c3', NULL, 'DAS + Contador', 151.05, '2028-03-29', '2028-03-01', 'FIXED', '78c4730c-1ee1-44aa-a125-bf4d8b3ec229', NULL, NULL, NULL, false, false, NULL, '2026-06-29 13:04:40.891833');
INSERT INTO public.transactions VALUES ('abbbd9be-ec30-41f2-81e6-e0c03d5b3c28', '931e6411-2e74-4caa-a72a-9d477db68f70', '641ab9a5-acb0-444e-9cb9-db474f00d9c3', NULL, 'DAS + Contador', 151.05, '2028-04-29', '2028-04-01', 'FIXED', '78c4730c-1ee1-44aa-a125-bf4d8b3ec229', NULL, NULL, NULL, false, false, NULL, '2026-06-29 13:04:40.892184');
INSERT INTO public.transactions VALUES ('5e991bb5-8f75-4468-9b5b-ea006df98f0c', '931e6411-2e74-4caa-a72a-9d477db68f70', '641ab9a5-acb0-444e-9cb9-db474f00d9c3', NULL, 'DAS + Contador', 151.05, '2028-05-29', '2028-05-01', 'FIXED', '78c4730c-1ee1-44aa-a125-bf4d8b3ec229', NULL, NULL, NULL, false, false, NULL, '2026-06-29 13:04:40.892477');


--
-- Data for Name: transaction_splits; Type: TABLE DATA; Schema: public; Owner: flux_user
--



--
-- PostgreSQL database dump complete
--

\unrestrict MGlN9BgHEal9E1jl2pmRYtbAZdY6t0ydse26kBS0dA664Fg28310iG9BsH7Vy9f

